,netG_loss,netD_X_loss,netD_Y_loss
0,1.5891196012496949,0.5688131153583527,0.5342215096950531
1,0.9471300768852234,0.2874788385629654,0.2765646028518677
