,netG_loss,netD_X_loss,netD_Y_loss
0,1.452418782711029,0.5283238065242767,0.49199836373329164
1,1.0060821342468262,0.28278366923332215,0.2754031735658646
